<?xml version="1.0" encoding="utf-16"?>
<Level width ="2">
<Camera x="0" y="2" minWidth="20" maxWidth="30">
<Birds>
<Bird type="BirdRed"/>
<Bird type="BirdBlack"/>
<Bird type="BirdWhite"/>
<Bird type="BirdYellow"/>
<Bird type="BirdBlue"/>
</Birds>
<Slingshot x="-8" y="-2.5">
<GameObjects>
<Block type="RectFat" material="stone" x="-2.7313629084" y="-3.075" rotation="90" />
<Block type="RectFat" material="stone" x="-2.0313629084" y="-3.075" rotation="90" />
<Block type="RectFat" material="ice" x="-1.0613629084" y="-3.075" rotation="90" />
<Block type="RectFat" material="stone" x="-0.3613629084" y="-3.075" rotation="90" />
<Block type="RectSmall" material="wood" x="0.3181574515" y="-3.075" rotation="90" />
<Block type="RectSmall" material="wood" x="0.9481574515" y="-3.075" rotation="90" />
<Block type="RectSmall" material="stone" x="2.1281574515" y="-3.075" rotation="90" />
<Block type="RectSmall" material="stone" x="2.7581574515" y="-3.075" rotation="90" />
<Block type="RectFat" material="ice" x="0.6331574515" y="-2.435" rotation="0" />
<Block type="RectFat" material="ice" x="2.4431574515" y="-2.435" rotation="0" />
<Block type="RectBig" material="stone" x="4.4639786143" y="-3.39" rotation="0" />
<Block type="RectMedium" material="ice" x="4.4639786143" y="-3.17" rotation="0" />
<Block type="RectBig" material="ice" x="4.4639786143" y="-2.03" rotation="90" />
<Block type="RectSmall" material="ice" x="4.46397861430769" y="-0.575" rotation="90" />
<Block type="RectMedium" material="stone" x="6.0594582544" y="-2.66" rotation="90" />
<Block type="RectMedium" material="stone" x="6.3744582544" y="-2.66" rotation="90" />
<Block type="RectMedium" material="stone" x="6.6894582544" y="-2.66" rotation="90" />
<Block type="RectMedium" material="ice" x="7.0644582544" y="-2.66" rotation="90" />
<Block type="RectMedium" material="stone" x="7.3794582544" y="-2.66" rotation="90" />
<Block type="RectMedium" material="ice" x="7.6944582544" y="-2.66" rotation="90" />
<Block type="RectMedium" material="ice" x="8.0694582544" y="-2.66" rotation="90" />
<Block type="RectMedium" material="stone" x="8.3844582544" y="-2.66" rotation="90" />
<Block type="RectMedium" material="stone" x="8.6994582544" y="-2.66" rotation="90" />
<Block type="RectSmall" material="stone" x="6.3744582544" y="-1.71" rotation="0" />
<Block type="RectSmall" material="stone" x="7.3794582544" y="-1.71" rotation="0" />
<Block type="RectSmall" material="ice" x="8.3844582544" y="-1.71" rotation="0" />
<Block type="RectFat" material="wood" x="6.3744582544" y="-1.385" rotation="0" />
<Block type="RectFat" material="stone" x="7.3794582544" y="-1.385" rotation="0" />
<Block type="RectFat" material="ice" x="8.3844582544" y="-1.385" rotation="0" />
<Block type="RectFat" material="wood" x="6.4794582544" y="-0.745" rotation="90" />
<Block type="RectFat" material="stone" x="7.3794582544" y="-0.745" rotation="90" />
<Block type="RectFat" material="stone" x="8.2794582544" y="-0.745" rotation="90" />
<Block type="SquareSmall" material="wood" x="6.4794582544" y="-0.105" rotation="0" />
<Block type="SquareSmall" material="ice" x="7.3794582544" y="-0.105" rotation="0" />
<Block type="SquareSmall" material="ice" x="8.2794582544" y="-0.105" rotation="0" />
<Block type="RectTiny" material="ice" x="6.4794582544" y="0.22" rotation="0" />
<Block type="RectTiny" material="wood" x="7.3794582544" y="0.22" rotation="0" />
<Block type="RectTiny" material="stone" x="8.2794582544" y="0.22" rotation="0" />
<Block type="RectFat" material="ice" x="-2.1157774594" y="0.1622614634" rotation="90" />
<Block type="RectFat" material="stone" x="-0.4657774594" y="0.1622614634" rotation="90" />
<Block type="RectFat" material="wood" x="1.1842225406" y="0.1622614634" rotation="90" />
<Block type="RectMedium" material="stone" x="-1.3857774594" y="0.6972614634" rotation="0" />
<Block type="RectMedium" material="stone" x="0.4542225406" y="0.6972614634" rotation="0" />
<Block type="RectBig" material="wood" x="-0.4657774594" y="0.9172614634" rotation="0" />
<Block type="RectFat" material="wood" x="-0.9957774594" y="1.4522614634" rotation="90" />
<Block type="RectFat" material="stone" x="-0.4657774594" y="1.4522614634" rotation="90" />
<Block type="RectFat" material="ice" x="0.0642225406" y="1.4522614634" rotation="90" />
<Block type="RectFat" material="stone" x="3.0192829558" y="2.4627956358" rotation="0" />
<Block type="RectFat" material="wood" x="4.8592829558" y="2.4627956358" rotation="0" />
<Block type="RectBig" material="wood" x="3.9392829558" y="2.7877956358" rotation="0" />
<Block type="SquareTiny" material="ice" x="3.3492829558" y="3.0077956358" rotation="0" />
<Block type="SquareTiny" material="stone" x="3.9392829558" y="3.0077956358" rotation="0" />
<Block type="SquareTiny" material="stone" x="4.5292829558" y="3.0077956358" rotation="0" />
<Block type="CircleSmall" material="stone" x="8.2794582544" y="0.555" rotation="0" />
<Block type="Circle" material="stone" x="-1.0613629084" y="-2.25" rotation="0" />
<Block type="CircleSmall" material="wood" x="0.9164907848" y="-1.995" rotation="0" />
<Block type="CircleSmall" material="wood" x="4.5292829558" y="3.3427956358" rotation="0" />
<Block type="CircleSmall" material="stone" x="7.3794582544" y="0.555" rotation="0" />
<Block type="CircleSmall" material="wood" x="-1.9457774594" y="1.0322614634" rotation="0" />
<Block type="CircleSmall" material="wood" x="4.4639786143" y="0.075" rotation="0" />
<Block type="CircleSmall" material="wood" x="0.0642225406" y="2.1022614634" rotation="0" />
<Block type="CircleSmall" material="wood" x="3.3492829558" y="3.3427956358" rotation="0" />
<Block type="TriangleHole" material="ice" x="3.9039786143" y="-2.65" rotation="0" />
<Block type="CircleSmall" material="stone" x="-0.9957774594" y="2.1022614634" rotation="0" />
<Pig type="BasicSmall" material="" x="-0.3613629084" y="-2.4" rotation="0" />
<Pig type="BasicSmall" material="" x="0.3498241182" y="-1.97" rotation="0" />
<Pig type="BasicSmall" material="" x="2.7264907848" y="-1.97" rotation="0" />
<Pig type="BasicSmall" material="" x="2.1598241182" y="-1.97" rotation="0" />
<Pig type="BasicSmall" material="" x="6.4794582544" y="0.58" rotation="0" />
<Pig type="BasicSmall" material="" x="0.5642225406" y="-0.0127385366" rotation="0" />
<Pig type="BasicSmall" material="" x="1.0142225406" y="1.0572614634" rotation="0" />
<Pig type="BasicSmall" material="" x="3.9392829558" y="3.3677956358" rotation="0" />
<Platform type="Platform" material="" x="-2.3257774593586267" y="-0.5727385365761946" />
<Platform type="Platform" material="" x="-1.705777459358627" y="-0.5727385365761946" />
<Platform type="Platform" material="" x="-1.085777459358627" y="-0.5727385365761946" />
<Platform type="Platform" material="" x="-0.46577745935862697" y="-0.5727385365761946" />
<Platform type="Platform" material="" x="0.15422254064137303" y="-0.5727385365761946" />
<Platform type="Platform" material="" x="0.774222540641373" y="-0.5727385365761946" />
<Platform type="Platform" material="" x="1.3942225406413729" y="-0.5727385365761946" />
<Platform type="Platform" material="" x="2.3892829558108213" y="1.9377956358456654" />
<Platform type="Platform" material="" x="3.0092829558108214" y="1.9377956358456654" />
<Platform type="Platform" material="" x="3.6292829558108215" y="1.9377956358456654" />
<Platform type="Platform" material="" x="4.249282955810822" y="1.9377956358456654" />
<Platform type="Platform" material="" x="4.869282955810822" y="1.9377956358456654" />
<Platform type="Platform" material="" x="5.489282955810822" y="1.9377956358456654" />
<TNT type="" material="" x="5.0239786143" y="-2.81" rotation="0" />
<TNT type="" material="" x="-2.0313629084" y="-2.4" rotation="0" />
<TNT type="" material="" x="-2.7313629084" y="-2.4" rotation="0" />
<TNT type="" material="" x="-0.4657774594" y="2.1272614634" rotation="0" />
</GameObjects>
</Level>
